{
    "Feature Promo": "pwc/components/modernized/content/featurepromo",
    "Chart Html": "pwc/components/modernized/content/chart-htmlx",
    "Collection V2": "pwc/components/modernized/content/collections-v2",
    "Contacts Collection": "pwc/components/modernized/content/contactscollection",
    "Event Collection": "pwc/components/modernized/content/events",
    "Feature Content": "pwc/components/modernized/content/featurecontent",
    "Highlights & Awards": "pwc/components/modernized/content/highlights",
    "HTML": "pwc/components/modernized/content/html",
    "Image": "pwc/components/modernized/content/image",
    "Text & Image": "pwc/components/modernized/content/imagetext",
    "Text": "pwc/components/modernized/content/richtext",
    "Video Player": "pwc/components/modernized/content/videoplayer-v2",
    "Twitter Feed": "pwc/components/modernized/content/twitterFeed",
    "Webtile": "pwc/components/modernized/content/webtitle",
    "Title": "pwc/components/modernized/content/title",
    "Index List": "pwc/components/modernized/content/indexlist",
    "Link Explorer": "pwc/components/modernized/content/linkexplorer",
    "Progress Indicator": "pwc/components/modernized/content/progressindicator",
    "Collection V3": "pwc/components/modernized/content/collections-v8"
}