{
    "selected theme": "clam",
    "save_user_details": 1,
    "save_vp_user_details": 1,
    "username": "",
    "passwd": "",
    "production_username": "chiranjib.bhattacharyya@in.pwc.com",
    "production_passwd": "gAAAAABnfqKhE-of-PTkL2tUukhPM_OH7e9kR8uUWxMGmkyFkiR9K7vRCcmaV67pqrzpqSiO1xd0TYHKSIlnrX2f97oZMDYx2A==",
    "stage_username": "chiranjib.bhattacharyya@in.pwc.com",
    "stage_passwd": "gAAAAABngUNUW74VYF9kgOkcrp2VtsmTX1sCnuIxGYS8IirBT7lLwDWJB7UZov3D19SKbI-MJqmNVC2ir1KvXvrKtWNRaoyICA==",
    "qa_username": "chiranjib.bhattacharyya@in.pwc.com",
    "qa_passwd": "gAAAAABnfmaoovzKMc_wTqFptxkuoH3hWW3MNmfTPRlq-SU-3NtxQON2j8E_ieOP9JGgTkTfL2Cgh1tgoWDJYji_gVYckWpGeg==",
    "ip_username": "",
    "ip_passwd": "",
    "ip_ip_qa2_username": "shouvik.d.das@in.pwc.com",
    "ip_ip_qa2_passwd": "gAAAAABmIg4aBfTxo7lMAR7ldMn2Xp_HwOk2AYFyeHrOV1wphL0VzRWb0kTCUEYogO9unP9_gmBVI1h7Y2WMVliiak0-5OgS0A==",
    "aem as cloud poc_username": "shouvik.d.das_aemaacs@pwc.com",
    "aem as cloud poc_passwd": "gAAAAABmNMkV5vyaalipkNbz5xfttkhn8My05lFKWaPF7WMR-j3L4ouNyfks2I3nlEwY8EwoUATEvrWsUkJSUntUiihS0AYYcc_T50NLRGWARNIKHqnc2i8=",
    "vp_production_username": "chiranjib.bhattacharyya@pwc.com--------------------------------------",
    "vp_production_passwd": "gAAAAABnWwn4DWTLy3i9kdmYEpcjd6S_2M4P-SOWxFWf4Z5H6vObeZltFhHouu6Fa6o2bFfq9zBF19jY3HGJsEp3CVq7dJl42Q==",
    "vp_stage_username": "debolina.b.dutta@pwc.com",
    "vp_stage_passwd": "gAAAAABnYVflgXj7pnKuUKH0xSNAyNVxGlqggptcwqar3KfG3qdCF7TTsq8JsRvAbr1ckyxvCdd0NEI5GeRLzWhtAn4Lr34-Ww==",
    "vp_qa_username": "were",
    "vp_qa_passwd": "gAAAAABnYSQzRdZwhOBfbe--Yys6FFFUrDS4VjgwwBLDkkH_QNkqY6U4TGR8cI48WJv55Os-FeyZf6rqbyKQrQ7bwOOFW5pqaQ==",
    "vp_ip_username": "",
    "vp_ip_passwd": ""
}