{
    "content root": "/content/pwc",
    "content dam root": "/content/dam/pwc",
    "content tag root": "/content/cq:tags",
    "form content path": "/content/usergenerated/content/pwc",
    "form archive content path": "/content/usergenerated/archive/content/pwc",
    "production live": "https://www.pwc.com",
    "stage live": "https://www-pwc-com-dpe-staging.pwc.com",
    "qa live": "https://www-pwc-com-dpe-qa.pwc.com",
    "wf models link": "/libs/cq/workflow/content/console/models.json",
    "bulk editor link": "/etc/importers/bulkeditor/query.json",
    "query builder link": "/bin/querybuilder.json",
    "sql2 query link": "/crx/de/query.jsp",
    "workflow models": "Expire - Page - Express,Expire-Asset-Express,Publish - Asset - Express,Publish - Page - Express,Publish to Preview - Page,Publish to Preview-Asset,PwC Form Submission Spam Check v2",
    "potential spam": "/var/workflow/models/pwc-form-submission-spam-check-v2",
    "delivery failure": "/var/workflow/models/pwc-form-email",
    "archive data failed": "/var/workflow/models/pwc-form-email",
    "mx lookup": "/var/workflow/models/pwc-form-submission-mx-lookup-check-v2",
    "obscene language": "/var/workflow/models/pwc-form-submission-obscene-check-v2",
    "email delivery failure title": "Email Delivery Failure due to missing mandatory fields in form or unable to fetch form data as form submission instance is down",
    "archive failure title": "Archive Data Failed",
    "potential spam title": "Potential Spam V2",
    "archive failure node": "node26",
    "email delivery failure node": "node5",
    "potential spam node": "node7",
    "form data on hold node": "node2",
    "allow once": -333061537,
    "incorrect email domain": -333061545,
    "add to whitelist": 404898082,
    "mark as spam": 554442135,
    "not a spam": 554442143,
    "send email again": -1220565221,
    "delivery permanently failed": 376268930,
    "banned words identified": 404898082,
    "obscene language not used": -333061539,
    "retry archive data": -38139123,
    "production_pwc_com": "/etc/map/http/pwc-az-origin-extpubv2.pwc.com",
    "production_s_and": "/etc/map/http/strategyand-az-origin-extpubv2.pwc.com",
    "stage_pwc_com": "/etc/map/http/pwc-az-origin-extpub-stgv2.pwc.com",
    "stage_s_and": "/etc/map/http/strategyand-az-origin-extpub-stgv2.pwc.com",
    "qa_pwc_com": "/etc/map/http/pwc-az-origin-extpub-qa2.pwc.com",
    "qa_s_and": "/etc/map/http/strategyand-az-origin-extpub-qa2.pwc.com",
    "single redirect url": "/bin/redirectmanager",
    "password validator": "/content/pwc/global/referencedata/territories/gx",
    "workflow instances": "/var/workflow/instances",
    "limit result": -1,
    "crxde max array items": 250
}