{
	"Node Props":{
		"Primary type":"jcr:primaryType", 
        "Mixin type":"jcr:mixinTypes", 
        "Created By":"jcr:createdBy",
		"Last Replication action":"cq:lastReplicationAction", 
        "Last Replicated By":"cq:lastReplicatedBy",
		"Created Date":"jcr:created",
		"Last Replicated":"cq:lastReplicated",
		"Last Modified":"cq:lastModified",
		"Resource type":"sling:resourceType",
		"Last Modified By":"cq:lastModifiedBy"
	},
    "Page":{
        "Title":"jcr:title", 
        "Standard Spacing":"standardSpacing", 
        "Version History":"jcr:versionHistory", 
        "Template":"cq:template",
		"Navigation Strategy":"navigationStrategy",
		"Meta Robots":"meta_robots",
		"Language":"jcr:language",
		"Show in Navigation":"showNavigation",
		"RVP Title":"pwc_rvp_title",
		"Predecessors":"jcr:predecessors",
		"Last Published Version":"pwcLastPublishedVersion",
		"Redirect":"sling:redirect",
		"Geo Location":"pwc_geo",
		"Stay in Sync":"pwcStayinSync",
		"Last Published Revision Id":"pwcLastPublishedRevisionId",
		"Colors Enabled":"colorsEnabled",
		"Release Date":"pwcReleaseDate",
		"Vanity Path":"sling:vanityPath",
		"Description":"jcr:description",
		"Base Version":"jcr:baseVersion",
		"Activated in Publish":"activatedInPublish",
		"Is Checked Out":"jcr:isCheckedOut",
		"Hide Level":"hide_level",
		"Page Title":"pageTitle",
		"Tags":"cq:tags",
		"UUID":"jcr:uuid",
		"Preview Status":"previewstatus",
		"PwC Syndication Flag":"pwcSyndicationFlag",
		"Enable Readability":"enableReadability"
    },
	"Form":{
		"Territory":"territory",
		"Long Form":"longformform",
		"Locale":"locale",
		"Status":"status",
		"Form to Process":"formtoprocess",
		"Referrer Title":"pwcReferrerTitle",
		"Referrer":"pwcReferrer",
		"Form URL Title":"pwcFormUrlTitle",
		"Mail Count":"mailCount",
		"First Name":"first-name",
		"Submission ID Title":"submissionIdTitle",
		"Spam":"spam",
		"Email":"email",
		"Name":"name",
		"PwC Form Reference Id":"pwcFormReferenceId",
		"Form Path":"formPath",
		"Form Type":"formType",
		"Reference Number":"referenceNumber",
		"Additional Details":"additional-details",
		"PwC Form URL":"pwcFormUrl",
		"PwC Submission Date Title":"pwcSubmissionDateTitle",
		"PwC Submission Datetime":"pwcSubmissionDatetime",
		"Dropdown Box":"dropdown-box",
		"Last Name":"last-name",
		"mandatoryHField":"mandatoryHField",
		"pwcFormFieldOrder":"pwcFormFieldOrder",
		"Country Dropdown":"countrydropdownlongf",
		"Company":"company",
		"Form ParentPath":"formParentPath",
		"Full Name":"fullName",
		"Enquiry Type":"inquiryType",
		"Job Role":"job_role",
		"Query Details":"queryDetails",
		"Subject":"querysubject",
		"Email To":"sendEmailTo",
		"Telephone":"telephone",
		"User Marketing ID":"userMarketingID"
    },
    "DAM Assets":{
        "Physical Height":"metadata/dam:Physicalheightininches",
		"Physical Width":"metadata/dam:Physicalwidthininches",
		"File Format":"metadata/dam:Fileformat",
		"Progressive":"metadata/dam:Progressive",
		"Image Length":"metadata/tiff:ImageLength",
		"Youtube Privacy":"metadata/dam:youtube_privacy",
		"Extracted":"metadata/dam:extracted",
		"Format":"metadata/dc:format",
		"Description":"metadata/dc:description",
		"Bits per Pixel":"metadata/dam:Bitsperpixel",
		"MIMEtype":"metadata/dam:MIMEtype",
		"Physical width in DPI":"metadata/dam:Physicalwidthindpi",
		"Physical height in DPI":"metadata/dam:Physicalheightindpi",
		"Number of Images":"metadata/dam:Numberofimages",
		"Youtube category":"metadata/dam:youtube_category",
		"Number of Textual comms":"metadata/dam:Numberoftextualcomments",
		"Video URL":"metadata/videourl",
		"Asset Type":"metadata/assetType",
		"Video Type":"metadata/videoType",
		"Image Width":"metadata/tiff:ImageWidth",
		"SHA":"metadata/dam:sha1",
		"Size":"metadata/dam:size",
		"Dam Title":"metadata/dc:title",
		"Created Date": "metadata/xmp:CreateDate",
		"Modified Date": "metadata/xmp:ModifyDate"
	},
	"Contact Fragment":{
		"Territory":"territory",
		"Body Content":"bodyContent",
		"Image":"imageReference",
		"Last Name":"lastName",
		"Office":"office",
		"Designation": "designation",
		"Email": "email",
		"First Name":"firstName",
		"Profile Type":"profileType",
		"Country":"country",
		"Local title":"localtitle",
		"Title":"title",
		"Tag": "tag",
		"Contact CC": "contactcc",
		"Local Title": "localtitle",
		"Rank": "rank",
		"Education": "education",
		"Experience": "experience",
		"Fax": "fax",
		"Global Leader": "globalLeader",
		"Global Team Leader": "globalTeamLeader",
		"Global Title": "globalTitle",
		"Interest": "interest",
		"LinkedIn Url": "linkedInUrl",
		"Local Leader": "localLeader",
		"Local Team Leader": "localTeamLeader",
		"Province": "province",
		"Specialty": "specialty",
		"Telephone": "telephone",
		"Twitter": "twitter"
	},
	"Ghost Page":{
		"External URL": "root/container/container/ghost/externalURL"
	},
	"Redirection":{
		"Sling Redirect": "sling:redirect",
		"Sling Internal Redirect": "sling:internalRedirect",
		"Sling Match": "sling:match",
		"Sling Status": "sling:status"
	},
	"Experience Fragment": {
		"Fragment Variance Path": "fragmentVariationPath"
	}
	
}