{
    "ActivationModel": "/var/workflow/models/activationmodel",
    "Add Asset Size": "/var/workflow/models/dam/adddamsize",
    "Adobe Launch Library Download": "/var/workflow/models/cloudconfigs/dtm-reactor/library-download",
    "Approve for Adobe Campaign": "/var/workflow/models/ac-newsletter-workflow-simple",
    "Batch Thumbnails": "/var/workflow/models/dam/batch-thumbnails",
    "Change Template": "/etc/workflow/models/ChangeTemplate/jcr:content/model",
    "Convert Page to Color": "/var/workflow/models/pwc-page-convert-to-color",
    "DAM Create Language Copy": "/var/workflow/models/dam/dam-create-language-copy",
    "DAM Create and Translate Language Copy": "/var/workflow/models/dam/dam-create-and-translate-language-copy",
    "DAM InDesign Proxy": "/var/workflow/models/dam-indesign-proxy",
    "DAM MetaData Writeback": "/var/workflow/models/dam-xmp-writeback",
    "DAM Parse Word Documents": "/var/workflow/models/dam-parse-word-documents",
    "DAM Process Sub-Asset": "/var/workflow/models/dam/process_subasset",
    "DAM Set last modified date": "/var/workflow/models/dam/dam_set_last_modified",
    "DAM Smart Tag Assets": "/var/workflow/models/dam/dam-autotag-assets",
    "DAM Update Asset": "/var/workflow/models/dam/update_asset",
    "DAM Update Asset Offloading": "/var/workflow/models/dam/update_asset_offloading",
    "DAM Update Language Copy": "/var/workflow/models/dam/dam-update-language-copy",
    "DAM Update from Lightbox": "/var/workflow/models/dam/update_from_lightbox",
    "Default DTM Bundle Download": "/var/workflow/models/cloudservices/DTM_bundle_download",
    "Download Asset": "/var/workflow/models/dam/dam_download_asset",
    "Dynamic Media Encode Video": "/var/workflow/models/dam/dynamic-media-encode-video",
    "Dynamic Media Video Thumbnail Replacement": "/var/workflow/models/dam/dynamic-media-video-thumbnail-replacement",
    "Dynamic Media Video User Uploaded Thumbnail Process": "/var/workflow/models/dam/dynamic-media-video-user-uploaded-thumbnail",
    "Expire": "/var/workflow/models/PwC-Expiry-Workflow",
    "Expire - Page - Express": "/var/workflow/models/pwc-express-page-expiry-workflow",
    "Expire-Asset-Express": "/var/workflow/models/pwc-express-asset-expiry-workflow",
    "InboxRequest": "/var/workflow/models/InboxRequest",
    "Launch Review": "/var/workflow/models/launch-review",
    "Newsletter Bounce Counter": "/var/workflow/models/newsletter_bounce_check",
    "PWC Akamai Purge Asset": "/var/workflow/models/pwc-akamai-purge-asset",
    "PWC Akamai Purge Page": "/var/workflow/models/pwc-akamai-purge-page",
    "PWC Redirect URL - Delete Node": "/var/workflow/models/pwc-redirecturl-delete",
    "PWC Redirect URL - Replicate New/Modified Node": "/var/workflow/models/pwc-redirecturl-replicate",
    "Product Photo Shoot": "/var/workflow/models/projects/photo_shoot_submission",
    "Product Photo Shoot (Commerce Integration)": "/var/workflow/models/projects/product_photo_shoot",
    "Project Approval Workflow": "/var/workflow/models/projects/approval_workflow",
    "Publish - Asset": "/var/workflow/models/pwc-asset-publishing-workflow",
    "Publish - Asset - Express": "/var/workflow/models/pwc-express-asset-publishing-workflow",
    "Publish - Page": "/var/workflow/models/pwc-publish-review-page-workflow",
    "Publish - Page - Express": "/var/workflow/models/pwc-express-publish-review-page-workflow",
    "Publish Adobe Target Offer": "/etc/workflow/models/cloudservices/publish-test-target-offer/jcr:content/model",
    "Publish Example": "/var/workflow/models/publish_example",
    "Publish to Adobe Campaign": "/var/workflow/models/publish_to_campaign",
    "Publish to Author Binary Transfer": "/var/workflow/models/screens/publish_to_author_bin",
    "Publish to Preview - Page": "/var/workflow/models/pwc-page-publish-to-preview-workflow",
    "Publish to Preview-Asset": "/var/workflow/models/pwc-asset-publish-to-preview-workflow",
    "Publish to YouTube": "/var/workflow/models/s7dam/request_to_publish_to_youtube",
    "PwC Asset Default Tag workflow": "/var/workflow/models/pwc-asset-default-tag-workflow",
    "PwC Change Page Template": "/var/workflow/models/pwc-change-page-template-process",
    "PwC Contact Us Flow": "/var/workflow/models/pwc-contact-us-flow",
    "PwC Convert to Video": "/var/workflow/models/convert-to-pwc-video",
    "PwC Form Email": "/var/workflow/models/pwc-form-email",
    "PwC Form Submission": "/var/workflow/models/pwc-form-submission",
    "PwC Form Submission MX Lookup Check v2": "/var/workflow/models/pwc-form-submission-mx-lookup-check-v2",
    "PwC Form Submission Obscene Check v2": "/var/workflow/models/pwc-form-submission-obscene-check-v2",
    "PwC Form Submission Ready for Processing v2": "/var/workflow/models/pwc-form-submission-ready-for-processing-v2",
    "PwC Form Submission Spam Check v2": "/var/workflow/models/pwc-form-submission-spam-check-v2",
    "PwC Notification Workflow": "/var/workflow/models/pwc-notification-workflow",
    "PwC Page Template Migration Workflow": "/etc/workflow/models/pwc-page-template-migration-workflow/jcr:content/model",
    "PwC Resend Mail and Archive Workflow": "/var/workflow/models/PwCResndMailArchiveWrkflw",
    "PwC Spam Check": "/var/workflow/models/pwc-spam-check",
    "PwC Syndication Workflow": "/var/workflow/models/pwc-syndication-workflow",
    "Request Copy": "/var/workflow/models/projects/request_copy",
    "Request Email": "/var/workflow/models/projects/request_email",
    "Request Landing Page": "/var/workflow/models/projects/request_landing_page",
    "Request Launch": "/var/workflow/models/projects/request_launch",
    "Request for Activation": "/var/workflow/models/request_for_activation",
    "Request for Deactivation": "/var/workflow/models/request_for_deactivation",
    "Request for Deletion": "/var/workflow/models/request_for_deletion",
    "Request for Deletion w/o Deactivation": "/var/workflow/models/request_for_deletion_without_deactivation",
    "Request to complete Move operation": "/var/workflow/models/request_to_complete_move_operation",
    "Reverse Replication": "/var/workflow/models/reverse_replication",
    "SAINT Product Export Handler": "/etc/workflow/models/saint-product-export-handler/jcr:content/model",
    "Salesforce.com Export": "/etc/workflow/models/salesforce-com-export/jcr:content/model",
    "Scene7": "/var/workflow/models/scene7",
    "Scene7: Reprocess Assets": "/var/workflow/models/scene7_reprocess_assets",
    "Scheduled Asset Publish to Brand Portal": "/var/workflow/models/dam/scheduled_publish_bp",
    "Scheduled Asset Unpublish from Brand Portal": "/var/workflow/models/dam/scheduled_unpublish_bp",
    "Scheduled Page/Asset Activation": "/var/workflow/models/scheduled_activation",
    "Scheduled Page/Asset Deactivation": "/var/workflow/models/scheduled_deactivation",
    "Screens Update Asset": "/var/workflow/models/screens/screens-update-asset",
    "Smart Tags Training": "/var/workflow/models/dam/smart-tags-training",
    "Translation Prepare": "/var/workflow/models/translation",
    "Unpublish from YouTube": "/var/workflow/models/s7dam/request_to_remove_from_youtube",
    "Upload to DPS": "/etc/workflow/models/dps/upload-content/jcr:content/model",
    "WCM: Create Language Copy": "/var/workflow/models/wcm-translation/create_language_copy",
    "WCM: Prepare Translation Project": "/var/workflow/models/wcm-translation/prepare_translation_project",
    "WCM: Prepare and Translate I18n-Dictionary": "/var/workflow/models/wcm-translation/translate-i18n-dictionary",
    "WCM: Sync Translation Job": "/var/workflow/models/wcm-translation/sync_translation_job",
    "WCM: Translate Language Copy": "/var/workflow/models/wcm-translation/translate-language-copy",
    "WCM: Update Language Copy": "/var/workflow/models/wcm-translation/update_language_copy"
}