{
    "jcr:primaryType": "nt:unstructured",
    "territory": "US",
    "userMarketingID": "30983013752936553163096923466344575654",
    "jobTitle": "Software Engineer",
    "parentPagePath": "/content/pwc/uk/en",
    "lastActivationRequestedTimeStamp": "{\"timeStamp\":\"1519471254\",\"activated\":\"true\"}",
    "preferredLocale": "en_us",
    "userID": "s1006925143",
    "userId": "s1006925143",
    "dateRegistered": "Sat Feb 24 2018 11:21:04 GMT+0000",
    "registrationUrl": "https://www.pwc.co.uk/services/forensic-services/insights/global-economic-crime-survey-2018---uk-findings.html",
    "email": "siux666@gmail.com",
    "marketingConsentUpdateTimestamp": "2021-09-24T20:30:07+00:00",
    "marketingConsent": "Opt-out",
    "lastModifiedTimeStamp": "2021-09-24 08:30:07",
    "familyName": "Charbonnier",
    "registrationSource": "dpe",
    "isUserAdvisoryBoard": false,
    "company": "pwcx",
    "country": "US",
    "accountActivationDateTime": "2018-02-24T06:21:49.171-05:00",
    "givenName": "Alejandro",
    "idAMgroup": "IA1",
    "passwordResetHistory": "[{\"timestamp\":\"1519481389\",\"activated\":\"true\"},{\"timestamp\":\"1519481989\",\"activated\":\"true\"},{\"timestamp\":\"1526737423\",\"activated\":\"true\"},{\"timestamp\":\"1565354696\",\"activated\":\"false\"},{\"timestamp\":\"1567797603\",\"activated\":\"false\"},{\"timestamp\":\"1587504478\",\"activated\":\"true\"},{\"timestamp\":\"1596491457\",\"activated\":\"false\"}]"
}