{
  ":jcr:primaryType": "Name",
  "jcr:primaryType": "cq:PageContent",
  ":jcr:mixinTypes": "Name",
  "jcr:mixinTypes": ["mix:versionable", "mix:lockable"],
  "jcr:createdBy": "tathagata.chowdhury@in.pwc.com",
  "jcr:title": "l2landing",
  "cq:lastReplicationAction": "Activate",
  "standardSpacing": "true",
  ":jcr:versionHistory": "Reference",
  "jcr:versionHistory": "0ae8d9ac-5d21-4968-a648-cb1759e4a11e",
  "cq:template": "/apps/pwc/templates/longform-level2-landing",
  "cq:lastReplicatedBy": "shouvik.d.das@in.pwc.com",
  "navigationStrategy": "nestedNavigation",
  "meta_robots": "index",
  ":onTime": "Date",
  "onTime": "2018-10-01T15:35:00.000+05:30",
  "jcr:language": "en_rm",
  "showNavigation": "no",
  "pwc_rvp_title": "l2landing",
  ":jcr:predecessors": "Reference",
  "jcr:predecessors": ["fac46424-a614-4d87-841a-05b7ba7e4d42"],
  "pwcLastPublishedVersion": "1.17",
  "sling:redirect": "true",
  ":jcr:created": "Date",
  "jcr:created": "2018-12-07T13:19:03.597Z",
  ":cq:lastReplicated": "Date",
  "cq:lastReplicated": "2021-04-25T10:02:00.311Z",
  ":cq:lastModified": "Date",
  "cq:lastModified": "2021-05-11T16:39:33.969Z",
  "pwc_geo": "IN",
  "pwcStayinSync": "false",
  "test": ["1", "2"],
  "pwcLastPublishedRevisionId": "fac46424-a614-4d87-841a-05b7ba7e4d42",
  "colorsEnabled": "true",
  "test2": "2",
  ":pwcReleaseDate": "Date",
  "pwcReleaseDate": "2019-12-07T18:45:00.000+05:30",
  "sling:vanityPath": [
    "/content/pwc/rm/l2shouvik",
    "/content/pwc/rm/l2shouvik/"
  ],
  "jcr:description": "Pikachu New",
  ":jcr:baseVersion": "Reference",
  "jcr:baseVersion": "fac46424-a614-4d87-841a-05b7ba7e4d42",
  "activatedInPublish": true,
  "jcr:isCheckedOut": true,
  "hide_level": "3",
  "pageTitle": "L2 Landing",
  "cq:tags": [
    "pwc-content-type:event",
    "pwc-content-type:careers",
    "pwc-rm:test1",
    "pwc-rm:RM-Test-Tag",
    "pwc-rm:careers"
  ],
  "jcr:uuid": "e2e03a2e-0126-43d6-b34c-cd383df03acd",
  "sling:resourceType": "pwc/components/page/longform-level2-landing",
  "previewstatus": "In Publish",
  "pwcSyndicationFlag": "Open",
  "cq:lastModifiedBy": "shouvik.d.das@in.pwc.com",
  "enableReadability": "true",
  "title-par": {
    ":jcr:primaryType": "Name",
    "jcr:primaryType": "nt:unstructured",
    "videobackground": "No",
    "fullwidth": "Yes",
    "imageheight": "900",
    "imagewidth": "1600",
    "jcr:lastModifiedBy": "shouvik.d.das@in.pwc.com",
    "imagetype": "nonrepeat",
    "imagesrc": "/content/dam/pwc/us/en/careers/assets/workplace.png/jcr:content/renditions/cq5dam.web.1280.1280.png",
    "sectionId": "title",
    "loop": "No",
    "mute": "No",
    ":jcr:lastModified": "Date",
    "jcr:lastModified": "2020-09-01T11:36:28.541Z",
    "paralax2": "none",
    "parallax": "nomove",
    "sling:resourceType": "pwc/components/content/longform-section",
    "backgroundtype": "image",
    "autoplay": "No",
    "bgposition": "center top",
    "fgcolour": "black",
    "sectionBgColour": "black",
    "sectionBgtone": "base",
    "herotitle": {}
  },
  "navigation-par": {
    ":jcr:primaryType": "Name",
    "jcr:primaryType": "nt:unstructured",
    "sling:resourceType": "pwc/components/content/longform-section",
    "secondary_navigation": {}
  },
  "content-free-1": {
    ":jcr:primaryType": "Name",
    "jcr:primaryType": "nt:unstructured",
    "jcr:lastModifiedBy": "shouvik.d.das@in.pwc.com",
    "additionalSections": [
      "{\"name\":\"Additional Section (default)\",\"id\":\"7a70\"}",
      "{\"name\":\"Additional Section\",\"id\":\"f57a\"}"
    ],
    ":jcr:lastModified": "Date",
    "jcr:lastModified": "2020-09-01T10:51:25.922Z",
    "sling:resourceType": "pwc/components/content/longform-section-multiple-placeholder",
    "::NodeIteratorSize": 0
  },
  "bottom-kick-isection": {
    ":jcr:primaryType": "Name",
    "jcr:primaryType": "nt:unstructured",
    "sling:resourceType": "pwc/components/content/bottom-kick-isection",
    "::NodeIteratorSize": 0
  },
  "content-free-1-7a70-par": {
    ":jcr:primaryType": "Name",
    "jcr:primaryType": "nt:unstructured",
    "sling:resourceType": "pwc/components/content/longform-section",
    "startlongform": {},
    "form_end_1609908229863": {},
    "collection_v2": {},
    "html": {}
  },
  "contact-par": {
    ":jcr:primaryType": "Name",
    "jcr:primaryType": "nt:unstructured",
    "leftpar": {}
  },
  "content-free-1-f57a-par": {
    ":jcr:primaryType": "Name",
    "jcr:primaryType": "nt:unstructured",
    "sling:resourceType": "pwc/components/content/longform-section",
    "twittersearch": {}
  },
  "featured-par": {
    ":jcr:primaryType": "Name",
    "jcr:primaryType": "nt:unstructured",
    "sling:resourceType": "pwc/components/content/longform-section",
    "featurecontent": {}
  }
}
