{
  "totalPages": 14,
  "pages": [
    {
      "path": "/content/pwc/rm/en/shouvik/shouvik-preview-move/test-page-2",
      "path_xss": "/content/pwc/rm/en/shouvik/shouvik-preview-move/test-page-2",
      "replication": {
        "numQueued": 0
      },
      "title": "Test Page 1",
      "title_xss": "Test Page 1",
      "lastModifiedBy": "Shouvik Das",
      "lastModifiedBy_xss": "Shouvik Das",
      "lastModified": 1621171497587,
      "references": [],
      "published": false,
      "adjustable": true
    },
    {
      "path": "/content/pwc/rm/en/shouvik/blank/shouvik-preview-move/test-page-2",
      "path_xss": "/content/pwc/rm/en/shouvik/blank/shouvik-preview-move/test-page-2",
      "replication": {
        "numQueued": 0
      },
      "title": "Test Page 1",
      "title_xss": "Test Page 1",
      "lastModifiedBy": "Shouvik Das",
      "lastModifiedBy_xss": "Shouvik Das",
      "lastModified": 1621171497587,
      "references": [],
      "published": false,
      "adjustable": true
    },
    {
      "path": "/content/pwc/rm/en/shouvik/blank/l1landing-new-2/shouvik-preview-move-2/test-page-2",
      "path_xss": "/content/pwc/rm/en/shouvik/blank/l1landing-new-2/shouvik-preview-move-2/test-page-2",
      "replication": {
        "numQueued": 0
      },
      "title": "Test Page 1",
      "title_xss": "Test Page 1",
      "lastModifiedBy": "Shouvik Das",
      "lastModifiedBy_xss": "Shouvik Das",
      "lastModified": 1621171658805,
      "references": [],
      "published": false,
      "adjustable": true
    },
    {
      "path": "/content/pwc/rm/en/shouvik/campaignlanding/shouvik-preview-move/test-page-2",
      "path_xss": "/content/pwc/rm/en/shouvik/campaignlanding/shouvik-preview-move/test-page-2",
      "replication": {
        "numQueued": 0
      },
      "title": "Test Page 1",
      "title_xss": "Test Page 1",
      "lastModifiedBy": "Shouvik Das",
      "lastModifiedBy_xss": "Shouvik Das",
      "lastModified": 1621171497587,
      "references": [],
      "published": false,
      "adjustable": true
    },
    {
      "path": "/content/pwc/rm/en/shouvik/blank/l2landing/shouvik-preview-move/test-page-2",
      "path_xss": "/content/pwc/rm/en/shouvik/blank/l2landing/shouvik-preview-move/test-page-2",
      "replication": {
        "numQueued": 0
      },
      "title": "Test Page 1",
      "title_xss": "Test Page 1",
      "lastModifiedBy": "Shouvik Das",
      "lastModifiedBy_xss": "Shouvik Das",
      "lastModified": 1635073378631,
      "references": [],
      "published": false,
      "adjustable": true
    },
    {
      "path": "/content/pwc/rm/en/shouvik/test-page-y-2",
      "path_xss": "/content/pwc/rm/en/shouvik/test-page-y-2",
      "replication": {
        "numQueued": 0,
        "published": 1586190577073,
        "publishedBy": "Shouvik Das",
        "action": "ACTIVATE"
      },
      "title": "Test Page 1",
      "title_xss": "Test Page 1",
      "lastModifiedBy": "Shouvik Das",
      "lastModifiedBy_xss": "Shouvik Das",
      "lastModified": 1588635933976,
      "references": [],
      "published": true,
      "adjustable": true
    },
    {
      "path": "/content/pwc/rm/en/shouvik/l1landing/shouvik-preview-move-2/test-page-2",
      "path_xss": "/content/pwc/rm/en/shouvik/l1landing/shouvik-preview-move-2/test-page-2",
      "replication": {
        "numQueued": 0
      },
      "title": "Test Page 1",
      "title_xss": "Test Page 1",
      "lastModifiedBy": "Shouvik Das",
      "lastModifiedBy_xss": "Shouvik Das",
      "lastModified": 1621171658805,
      "references": [],
      "published": false,
      "adjustable": true
    },
    {
      "path": "/content/pwc/rm/en/shouvik/careers-shouvik/blank/shouvik-preview-move/test-page-2",
      "path_xss": "/content/pwc/rm/en/shouvik/careers-shouvik/blank/shouvik-preview-move/test-page-2",
      "replication": {
        "numQueued": 0
      },
      "title": "Test Page 1",
      "title_xss": "Test Page 1",
      "lastModifiedBy": "Shouvik Das",
      "lastModifiedBy_xss": "Shouvik Das",
      "lastModified": 1621171497587,
      "references": [],
      "published": false,
      "adjustable": true
    },
    {
      "path": "/content/pwc/rm/en/shouvik/careers-shouvik/blank/l1landing-new-2/shouvik-preview-move-2/test-page-2",
      "path_xss": "/content/pwc/rm/en/shouvik/careers-shouvik/blank/l1landing-new-2/shouvik-preview-move-2/test-page-2",
      "replication": {
        "numQueued": 0
      },
      "title": "Test Page 1",
      "title_xss": "Test Page 1",
      "lastModifiedBy": "Shouvik Das",
      "lastModifiedBy_xss": "Shouvik Das",
      "lastModified": 1621171658805,
      "references": [],
      "published": false,
      "adjustable": true
    },
    {
      "path": "/content/pwc/rm/en/shouvik/l3landing",
      "path_xss": "/content/pwc/rm/en/shouvik/l3landing",
      "replication": {
        "numQueued": 0,
        "published": 1619344920488,
        "publishedBy": "Shouvik Das",
        "action": "ACTIVATE"
      },
      "title": "l3landing",
      "title_xss": "l3landing",
      "lastModifiedBy": "Shouvik Das",
      "lastModifiedBy_xss": "Shouvik Das",
      "lastModified": 1638861625096,
      "references": [],
      "published": true,
      "adjustable": true
    },
    {
      "path": "/content/pwc/rm/en/shouvik/blank/l1landing-new-2/businesses-support-drive-to-create-opportunities-and-promote-soc/shouvik-preview-move-2/test-page-2",
      "path_xss": "/content/pwc/rm/en/shouvik/blank/l1landing-new-2/businesses-support-drive-to-create-opportunities-and-promote-soc/shouvik-preview-move-2/test-page-2",
      "replication": {
        "numQueued": 0
      },
      "title": "Test Page 1",
      "title_xss": "Test Page 1",
      "lastModifiedBy": "Shouvik Das",
      "lastModifiedBy_xss": "Shouvik Das",
      "lastModified": 1635074355318,
      "references": [],
      "published": false,
      "adjustable": true
    },
    {
      "path": "/content/pwc/rm/en/shouvik/blank/l2landing/test-page-2",
      "path_xss": "/content/pwc/rm/en/shouvik/blank/l2landing/test-page-2",
      "replication": {
        "numQueued": 0
      },
      "title": "Test Page 1",
      "title_xss": "Test Page 1",
      "lastModifiedBy": "Shouvik Das",
      "lastModifiedBy_xss": "Shouvik Das",
      "lastModified": 1635073674995,
      "references": [],
      "published": false,
      "adjustable": true
    },
    {
      "path": "/content/pwc/rm/en/shouvik/l2landing",
      "path_xss": "/content/pwc/rm/en/shouvik/l2landing",
      "replication": {
        "numQueued": 0,
        "published": 1619344920311,
        "publishedBy": "Shouvik Das",
        "action": "ACTIVATE"
      },
      "title": "l2landing",
      "title_xss": "l2landing",
      "lastModifiedBy": "Shouvik Das",
      "lastModifiedBy_xss": "Shouvik Das",
      "lastModified": 1638861656098,
      "references": [],
      "published": true,
      "adjustable": true
    },
    {
      "path": "/content/pwc/rm/en/shouvik/l2landing",
      "path_xss": "/content/pwc/rm/en/shouvik/l2landing",
      "replication": {
        "numQueued": 0,
        "published": 1619344920311,
        "publishedBy": "Shouvik Das",
        "action": "ACTIVATE"
      },
      "title": "l2landing",
      "title_xss": "l2landing",
      "lastModifiedBy": "Shouvik Das",
      "lastModifiedBy_xss": "Shouvik Das",
      "lastModified": 1638861656098,
      "references": [],
      "published": true,
      "adjustable": true
    }
  ],
  "hiddenPages": 0
}